Product_ID,Product_Name,Category,Sub_Category,Brand,Standard_Cost,Selling_Price
PROD100,Mobile Model 1,Electronics,Mobile,Brand 5,838,4413
PROD101,Mobile Model 2,Electronics,Mobile,Brand 12,2397,4462
PROD102,Mobile Model 3,Electronics,Mobile,Brand 1,634,397
PROD103,Mobile Model 4,Electronics,Mobile,Brand 7,2934,4144
PROD104,Mobile Model 5,Electronics,Mobile,Brand 13,1889,4636
PROD105,Mobile Model 6,Electronics,Mobile,Brand 6,540,1829
PROD106,Mobile Model 7,Electronics,Mobile,Brand 17,767,876
PROD107,Mobile Model 8,Electronics,Mobile,Brand 20,2382,1468
PROD108,Mobile Model 9,Electronics,Mobile,Brand 11,1215,4865
PROD109,Mobile Model 10,Electronics,Mobile,Brand 13,1940,3473
PROD110,Mobile Model 11,Electronics,Mobile,Brand 12,1963,3975
PROD111,Mobile Model 12,Electronics,Mobile,Brand 15,2132,3418
PROD112,Mobile Model 13,Electronics,Mobile,Brand 4,2258,2819
PROD113,Mobile Model 14,Electronics,Mobile,Brand 6,1796,2795
PROD114,Mobile Model 15,Electronics,Mobile,Brand 18,1025,4091
PROD115,Mobile Model 16,Electronics,Mobile,Brand 10,1043,1511
PROD116,Mobile Model 17,Electronics,Mobile,Brand 9,1171,4626
PROD117,Mobile Model 18,Electronics,Mobile,Brand 9,1870,4832
PROD118,Mobile Model 19,Electronics,Mobile,Brand 3,1161,4601
PROD119,Mobile Model 20,Electronics,Mobile,Brand 5,1387,3817
PROD120,Mobile Model 21,Electronics,Mobile,Brand 16,1410,1934
PROD121,Mobile Model 22,Electronics,Mobile,Brand 20,2892,920
PROD122,Mobile Model 23,Electronics,Mobile,Brand 14,2902,3744
PROD123,Mobile Model 24,Electronics,Mobile,Brand 1,933,3783
PROD124,Mobile Model 25,Electronics,Mobile,Brand 5,1880,4907
PROD125,Mobile Model 26,Electronics,Mobile,Brand 20,379,2359
PROD126,Mobile Model 27,Electronics,Mobile,Brand 5,1961,3974
PROD127,Mobile Model 28,Electronics,Mobile,Brand 1,1776,644
PROD128,Mobile Model 29,Electronics,Mobile,Brand 4,1760,4234
PROD129,Mobile Model 30,Electronics,Mobile,Brand 5,295,1693
PROD130,Mobile Model 31,Electronics,Mobile,Brand 1,390,3928
PROD131,Mobile Model 32,Electronics,Mobile,Brand 8,1155,3947
PROD132,Mobile Model 33,Electronics,Mobile,Brand 17,1878,2806
PROD133,Mobile Model 34,Electronics,Mobile,Brand 16,823,963
PROD134,Mobile Model 35,Electronics,Mobile,Brand 20,1143,545
PROD135,Mobile Model 36,Electronics,Mobile,Brand 17,2117,1417
PROD136,Mobile Model 37,Electronics,Mobile,Brand 1,839,2570
PROD137,Mobile Model 38,Electronics,Mobile,Brand 19,2536,4347
PROD138,Mobile Model 39,Electronics,Mobile,Brand 12,2115,2512
PROD139,Mobile Model 40,Electronics,Mobile,Brand 10,693,1456
PROD140,Mobile Model 41,Electronics,Mobile,Brand 10,675,4276
PROD141,Mobile Model 42,Electronics,Mobile,Brand 10,1014,2020
PROD142,Mobile Model 43,Electronics,Mobile,Brand 6,2495,4831
PROD143,Mobile Model 44,Electronics,Mobile,Brand 10,2437,2230
PROD144,Mobile Model 45,Electronics,Mobile,Brand 10,1754,4305
PROD145,Mobile Model 46,Electronics,Mobile,Brand 14,2479,1419
PROD146,Mobile Model 47,Electronics,Mobile,Brand 11,1905,1261
PROD147,Mobile Model 48,Electronics,Mobile,Brand 10,1608,1491
PROD148,Mobile Model 49,Electronics,Mobile,Brand 4,795,4661
PROD149,Mobile Model 50,Electronics,Mobile,Brand 3,2193,1896
PROD150,Laptop Model 1,Electronics,Laptop,Brand 16,2499,2770
PROD151,Laptop Model 2,Electronics,Laptop,Brand 11,2720,462
PROD152,Laptop Model 3,Electronics,Laptop,Brand 17,233,3930
PROD153,Laptop Model 4,Electronics,Laptop,Brand 3,2346,3223
PROD154,Laptop Model 5,Electronics,Laptop,Brand 17,2042,1037
PROD155,Laptop Model 6,Electronics,Laptop,Brand 15,2081,1909
PROD156,Laptop Model 7,Electronics,Laptop,Brand 20,1190,3161
PROD157,Laptop Model 8,Electronics,Laptop,Brand 11,321,4931
PROD158,Laptop Model 9,Electronics,Laptop,Brand 3,1631,4284
PROD159,Laptop Model 10,Electronics,Laptop,Brand 5,2383,2956
PROD160,Laptop Model 11,Electronics,Laptop,Brand 4,836,3601
PROD161,Laptop Model 12,Electronics,Laptop,Brand 3,1806,510
PROD162,Laptop Model 13,Electronics,Laptop,Brand 4,1299,4451
PROD163,Laptop Model 14,Electronics,Laptop,Brand 17,2878,929
PROD164,Laptop Model 15,Electronics,Laptop,Brand 13,352,2599
PROD165,Laptop Model 16,Electronics,Laptop,Brand 2,2578,601
PROD166,Laptop Model 17,Electronics,Laptop,Brand 9,1199,1716
PROD167,Laptop Model 18,Electronics,Laptop,Brand 19,1527,4064
PROD168,Laptop Model 19,Electronics,Laptop,Brand 1,237,2827
PROD169,Laptop Model 20,Electronics,Laptop,Brand 17,289,3719
PROD170,Laptop Model 21,Electronics,Laptop,Brand 20,1264,2972
PROD171,Laptop Model 22,Electronics,Laptop,Brand 7,734,1077
PROD172,Laptop Model 23,Electronics,Laptop,Brand 16,2021,4984
PROD173,Laptop Model 24,Electronics,Laptop,Brand 11,1879,2782
PROD174,Laptop Model 25,Electronics,Laptop,Brand 15,1621,2824
PROD175,Laptop Model 26,Electronics,Laptop,Brand 14,1169,333
PROD176,Laptop Model 27,Electronics,Laptop,Brand 8,1375,4080
PROD177,Laptop Model 28,Electronics,Laptop,Brand 11,795,3698
PROD178,Laptop Model 29,Electronics,Laptop,Brand 13,572,1275
PROD179,Laptop Model 30,Electronics,Laptop,Brand 13,213,3903
PROD180,Laptop Model 31,Electronics,Laptop,Brand 5,429,2796
PROD181,Laptop Model 32,Electronics,Laptop,Brand 10,766,421
PROD182,Laptop Model 33,Electronics,Laptop,Brand 1,1209,4442
PROD183,Laptop Model 34,Electronics,Laptop,Brand 7,1497,1365
PROD184,Laptop Model 35,Electronics,Laptop,Brand 1,2739,4206
PROD185,Laptop Model 36,Electronics,Laptop,Brand 3,2817,744
PROD186,Laptop Model 37,Electronics,Laptop,Brand 15,1618,635
PROD187,Laptop Model 38,Electronics,Laptop,Brand 4,2123,3646
PROD188,Laptop Model 39,Electronics,Laptop,Brand 1,1365,4612
PROD189,Laptop Model 40,Electronics,Laptop,Brand 20,461,4066
PROD190,Laptop Model 41,Electronics,Laptop,Brand 9,835,3351
PROD191,Laptop Model 42,Electronics,Laptop,Brand 2,394,1890
PROD192,Laptop Model 43,Electronics,Laptop,Brand 15,264,2085
PROD193,Laptop Model 44,Electronics,Laptop,Brand 4,1868,2272
PROD194,Laptop Model 45,Electronics,Laptop,Brand 8,232,4721
PROD195,Laptop Model 46,Electronics,Laptop,Brand 14,1008,2201
PROD196,Laptop Model 47,Electronics,Laptop,Brand 13,523,4230
PROD197,Laptop Model 48,Electronics,Laptop,Brand 10,2580,822
PROD198,Laptop Model 49,Electronics,Laptop,Brand 17,2495,1118
PROD199,Laptop Model 50,Electronics,Laptop,Brand 3,2266,4982
PROD200,Headphones Model 1,Electronics,Headphones,Brand 18,532,1352
PROD201,Headphones Model 2,Electronics,Headphones,Brand 9,730,4668
PROD202,Headphones Model 3,Electronics,Headphones,Brand 20,712,2313
PROD203,Headphones Model 4,Electronics,Headphones,Brand 19,1046,383
PROD204,Headphones Model 5,Electronics,Headphones,Brand 18,2084,3178
PROD205,Headphones Model 6,Electronics,Headphones,Brand 11,712,4629
PROD206,Headphones Model 7,Electronics,Headphones,Brand 6,761,1827
PROD207,Headphones Model 8,Electronics,Headphones,Brand 19,1027,1399
PROD208,Headphones Model 9,Electronics,Headphones,Brand 4,992,2984
PROD209,Headphones Model 10,Electronics,Headphones,Brand 14,2598,3628
PROD210,Headphones Model 11,Electronics,Headphones,Brand 13,1906,4037
PROD211,Headphones Model 12,Electronics,Headphones,Brand 4,2624,1576
PROD212,Headphones Model 13,Electronics,Headphones,Brand 19,1241,694
PROD213,Headphones Model 14,Electronics,Headphones,Brand 10,2426,4424
PROD214,Headphones Model 15,Electronics,Headphones,Brand 17,2155,308
PROD215,Headphones Model 16,Electronics,Headphones,Brand 14,1333,3988
PROD216,Headphones Model 17,Electronics,Headphones,Brand 5,2226,2737
PROD217,Headphones Model 18,Electronics,Headphones,Brand 18,753,3456
PROD218,Headphones Model 19,Electronics,Headphones,Brand 19,883,767
PROD219,Headphones Model 20,Electronics,Headphones,Brand 2,2094,4044
PROD220,Headphones Model 21,Electronics,Headphones,Brand 17,952,2681
PROD221,Headphones Model 22,Electronics,Headphones,Brand 5,2630,2637
PROD222,Headphones Model 23,Electronics,Headphones,Brand 18,1871,4915
PROD223,Headphones Model 24,Electronics,Headphones,Brand 20,1671,4802
PROD224,Headphones Model 25,Electronics,Headphones,Brand 18,2219,659
PROD225,Headphones Model 26,Electronics,Headphones,Brand 16,351,1308
PROD226,Headphones Model 27,Electronics,Headphones,Brand 6,617,1769
PROD227,Headphones Model 28,Electronics,Headphones,Brand 4,2982,2181
PROD228,Headphones Model 29,Electronics,Headphones,Brand 6,2193,4760
PROD229,Headphones Model 30,Electronics,Headphones,Brand 3,2195,3633
PROD230,Headphones Model 31,Electronics,Headphones,Brand 11,965,991
PROD231,Headphones Model 32,Electronics,Headphones,Brand 2,2544,1839
PROD232,Headphones Model 33,Electronics,Headphones,Brand 2,1855,3302
PROD233,Headphones Model 34,Electronics,Headphones,Brand 15,2927,3207
PROD234,Headphones Model 35,Electronics,Headphones,Brand 1,442,4492
PROD235,Headphones Model 36,Electronics,Headphones,Brand 18,626,4404
PROD236,Headphones Model 37,Electronics,Headphones,Brand 5,1688,1584
PROD237,Headphones Model 38,Electronics,Headphones,Brand 10,320,3479
PROD238,Headphones Model 39,Electronics,Headphones,Brand 12,1969,963
PROD239,Headphones Model 40,Electronics,Headphones,Brand 16,2792,2309
PROD240,Headphones Model 41,Electronics,Headphones,Brand 1,573,3931
PROD241,Headphones Model 42,Electronics,Headphones,Brand 6,2814,1923
PROD242,Headphones Model 43,Electronics,Headphones,Brand 6,1390,3358
PROD243,Headphones Model 44,Electronics,Headphones,Brand 1,1142,1649
PROD244,Headphones Model 45,Electronics,Headphones,Brand 2,719,2580
PROD245,Headphones Model 46,Electronics,Headphones,Brand 14,1525,2932
PROD246,Headphones Model 47,Electronics,Headphones,Brand 17,1329,1774
PROD247,Headphones Model 48,Electronics,Headphones,Brand 13,976,4084
PROD248,Headphones Model 49,Electronics,Headphones,Brand 1,2868,1341
PROD249,Headphones Model 50,Electronics,Headphones,Brand 4,1530,2196
PROD250,TV Model 1,Electronics,TV,Brand 11,433,2121
PROD251,TV Model 2,Electronics,TV,Brand 5,2390,609
PROD252,TV Model 3,Electronics,TV,Brand 4,2631,2586
PROD253,TV Model 4,Electronics,TV,Brand 19,915,3028
PROD254,TV Model 5,Electronics,TV,Brand 20,2200,813
PROD255,TV Model 6,Electronics,TV,Brand 7,2336,773
PROD256,TV Model 7,Electronics,TV,Brand 19,913,694
PROD257,TV Model 8,Electronics,TV,Brand 13,2534,3130
PROD258,TV Model 9,Electronics,TV,Brand 18,2904,4254
PROD259,TV Model 10,Electronics,TV,Brand 12,2986,3177
PROD260,TV Model 11,Electronics,TV,Brand 14,2384,3302
PROD261,TV Model 12,Electronics,TV,Brand 17,2815,1738
PROD262,TV Model 13,Electronics,TV,Brand 3,1904,4493
PROD263,TV Model 14,Electronics,TV,Brand 3,1997,2372
PROD264,TV Model 15,Electronics,TV,Brand 10,1401,2208
PROD265,TV Model 16,Electronics,TV,Brand 8,2253,3258
PROD266,TV Model 17,Electronics,TV,Brand 4,1131,4942
PROD267,TV Model 18,Electronics,TV,Brand 9,1700,3122
PROD268,TV Model 19,Electronics,TV,Brand 12,954,4736
PROD269,TV Model 20,Electronics,TV,Brand 17,344,4491
PROD270,TV Model 21,Electronics,TV,Brand 14,724,4653
PROD271,TV Model 22,Electronics,TV,Brand 9,2083,3455
PROD272,TV Model 23,Electronics,TV,Brand 7,1338,4634
PROD273,TV Model 24,Electronics,TV,Brand 18,802,1583
PROD274,TV Model 25,Electronics,TV,Brand 17,1654,401
PROD275,TV Model 26,Electronics,TV,Brand 7,1262,1569
PROD276,TV Model 27,Electronics,TV,Brand 18,1539,3454
PROD277,TV Model 28,Electronics,TV,Brand 8,1193,1556
PROD278,TV Model 29,Electronics,TV,Brand 4,2176,3039
PROD279,TV Model 30,Electronics,TV,Brand 17,2352,1171
PROD280,TV Model 31,Electronics,TV,Brand 19,1811,3624
PROD281,TV Model 32,Electronics,TV,Brand 5,1573,4064
PROD282,TV Model 33,Electronics,TV,Brand 6,1490,1017
PROD283,TV Model 34,Electronics,TV,Brand 19,685,4593
PROD284,TV Model 35,Electronics,TV,Brand 4,2434,1548
PROD285,TV Model 36,Electronics,TV,Brand 11,1136,4736
PROD286,TV Model 37,Electronics,TV,Brand 12,1225,1016
PROD287,TV Model 38,Electronics,TV,Brand 8,2260,3035
PROD288,TV Model 39,Electronics,TV,Brand 14,2159,2926
PROD289,TV Model 40,Electronics,TV,Brand 2,1982,4686
PROD290,TV Model 41,Electronics,TV,Brand 16,1635,4264
PROD291,TV Model 42,Electronics,TV,Brand 20,2418,427
PROD292,TV Model 43,Electronics,TV,Brand 11,787,4364
PROD293,TV Model 44,Electronics,TV,Brand 16,586,4708
PROD294,TV Model 45,Electronics,TV,Brand 15,2389,3136
PROD295,TV Model 46,Electronics,TV,Brand 18,1755,3730
PROD296,TV Model 47,Electronics,TV,Brand 18,904,2797
PROD297,TV Model 48,Electronics,TV,Brand 1,2882,3236
PROD298,TV Model 49,Electronics,TV,Brand 11,2776,2246
PROD299,TV Model 50,Electronics,TV,Brand 6,2290,2935
PROD300,Chair Model 1,Furniture,Chair,Brand 2,2884,4359
PROD301,Chair Model 2,Furniture,Chair,Brand 15,486,3226
PROD302,Chair Model 3,Furniture,Chair,Brand 12,2797,2489
PROD303,Chair Model 4,Furniture,Chair,Brand 2,991,1181
PROD304,Chair Model 5,Furniture,Chair,Brand 10,1111,3504
PROD305,Chair Model 6,Furniture,Chair,Brand 13,2045,4436
PROD306,Chair Model 7,Furniture,Chair,Brand 12,1683,3705
PROD307,Chair Model 8,Furniture,Chair,Brand 8,494,4520
PROD308,Chair Model 9,Furniture,Chair,Brand 7,531,3710
PROD309,Chair Model 10,Furniture,Chair,Brand 19,1403,3912
PROD310,Chair Model 11,Furniture,Chair,Brand 3,1808,1601
PROD311,Chair Model 12,Furniture,Chair,Brand 11,1304,4487
PROD312,Chair Model 13,Furniture,Chair,Brand 19,2302,2292
PROD313,Chair Model 14,Furniture,Chair,Brand 1,2354,1846
PROD314,Chair Model 15,Furniture,Chair,Brand 17,384,2392
PROD315,Chair Model 16,Furniture,Chair,Brand 17,238,2897
PROD316,Chair Model 17,Furniture,Chair,Brand 16,1568,3915
PROD317,Chair Model 18,Furniture,Chair,Brand 9,568,3901
PROD318,Chair Model 19,Furniture,Chair,Brand 12,1431,1314
PROD319,Chair Model 20,Furniture,Chair,Brand 5,2710,3680
PROD320,Chair Model 21,Furniture,Chair,Brand 6,621,372
PROD321,Chair Model 22,Furniture,Chair,Brand 14,1672,3975
PROD322,Chair Model 23,Furniture,Chair,Brand 9,2903,3484
PROD323,Chair Model 24,Furniture,Chair,Brand 20,2676,3111
PROD324,Chair Model 25,Furniture,Chair,Brand 13,2407,3142
PROD325,Chair Model 26,Furniture,Chair,Brand 5,1638,4487
PROD326,Chair Model 27,Furniture,Chair,Brand 16,2383,3641
PROD327,Chair Model 28,Furniture,Chair,Brand 20,1382,717
PROD328,Chair Model 29,Furniture,Chair,Brand 1,1735,635
PROD329,Chair Model 30,Furniture,Chair,Brand 13,509,873
PROD330,Chair Model 31,Furniture,Chair,Brand 9,2305,4996
PROD331,Chair Model 32,Furniture,Chair,Brand 5,761,3042
PROD332,Chair Model 33,Furniture,Chair,Brand 3,413,2984
PROD333,Chair Model 34,Furniture,Chair,Brand 3,2078,701
PROD334,Chair Model 35,Furniture,Chair,Brand 2,984,4926
PROD335,Chair Model 36,Furniture,Chair,Brand 1,2690,2263
PROD336,Chair Model 37,Furniture,Chair,Brand 11,1048,1210
PROD337,Chair Model 38,Furniture,Chair,Brand 17,1532,3744
PROD338,Chair Model 39,Furniture,Chair,Brand 13,2412,2021
PROD339,Chair Model 40,Furniture,Chair,Brand 17,1298,2546
PROD340,Chair Model 41,Furniture,Chair,Brand 17,918,4162
PROD341,Chair Model 42,Furniture,Chair,Brand 20,1986,4544
PROD342,Chair Model 43,Furniture,Chair,Brand 6,845,3979
PROD343,Chair Model 44,Furniture,Chair,Brand 4,394,427
PROD344,Chair Model 45,Furniture,Chair,Brand 1,2369,3515
PROD345,Chair Model 46,Furniture,Chair,Brand 18,1035,2506
PROD346,Chair Model 47,Furniture,Chair,Brand 9,2937,3950
PROD347,Chair Model 48,Furniture,Chair,Brand 7,777,360
PROD348,Chair Model 49,Furniture,Chair,Brand 14,1619,2685
PROD349,Chair Model 50,Furniture,Chair,Brand 14,2834,3688
PROD350,Table Model 1,Furniture,Table,Brand 3,2997,4584
PROD351,Table Model 2,Furniture,Table,Brand 18,1566,3887
PROD352,Table Model 3,Furniture,Table,Brand 8,2291,2337
PROD353,Table Model 4,Furniture,Table,Brand 13,2250,2028
PROD354,Table Model 5,Furniture,Table,Brand 19,718,2563
PROD355,Table Model 6,Furniture,Table,Brand 1,949,3565
PROD356,Table Model 7,Furniture,Table,Brand 19,1461,4685
PROD357,Table Model 8,Furniture,Table,Brand 9,694,1912
PROD358,Table Model 9,Furniture,Table,Brand 3,1059,3664
PROD359,Table Model 10,Furniture,Table,Brand 9,2058,1712
PROD360,Table Model 11,Furniture,Table,Brand 6,2478,943
PROD361,Table Model 12,Furniture,Table,Brand 14,735,1844
PROD362,Table Model 13,Furniture,Table,Brand 13,426,2127
PROD363,Table Model 14,Furniture,Table,Brand 12,1566,3655
PROD364,Table Model 15,Furniture,Table,Brand 3,2359,4377
PROD365,Table Model 16,Furniture,Table,Brand 17,1563,1159
PROD366,Table Model 17,Furniture,Table,Brand 13,318,3533
PROD367,Table Model 18,Furniture,Table,Brand 13,2858,2907
PROD368,Table Model 19,Furniture,Table,Brand 5,2263,3961
PROD369,Table Model 20,Furniture,Table,Brand 6,2000,1445
PROD370,Table Model 21,Furniture,Table,Brand 16,230,4419
PROD371,Table Model 22,Furniture,Table,Brand 12,1199,2193
PROD372,Table Model 23,Furniture,Table,Brand 5,2848,2770
PROD373,Table Model 24,Furniture,Table,Brand 3,892,2095
PROD374,Table Model 25,Furniture,Table,Brand 9,960,4660
PROD375,Table Model 26,Furniture,Table,Brand 13,1878,4956
PROD376,Table Model 27,Furniture,Table,Brand 15,2059,640
PROD377,Table Model 28,Furniture,Table,Brand 9,1864,2665
PROD378,Table Model 29,Furniture,Table,Brand 8,674,2763
PROD379,Table Model 30,Furniture,Table,Brand 20,308,3503
PROD380,Table Model 31,Furniture,Table,Brand 14,2329,3223
PROD381,Table Model 32,Furniture,Table,Brand 4,795,3214
PROD382,Table Model 33,Furniture,Table,Brand 14,1168,3336
PROD383,Table Model 34,Furniture,Table,Brand 4,835,1500
PROD384,Table Model 35,Furniture,Table,Brand 6,366,1967
PROD385,Table Model 36,Furniture,Table,Brand 15,1949,2655
PROD386,Table Model 37,Furniture,Table,Brand 20,2373,4322
PROD387,Table Model 38,Furniture,Table,Brand 8,1198,2576
PROD388,Table Model 39,Furniture,Table,Brand 8,2174,4837
PROD389,Table Model 40,Furniture,Table,Brand 14,2848,2786
PROD390,Table Model 41,Furniture,Table,Brand 14,1752,1445
PROD391,Table Model 42,Furniture,Table,Brand 10,961,4445
PROD392,Table Model 43,Furniture,Table,Brand 4,2896,3441
PROD393,Table Model 44,Furniture,Table,Brand 2,648,4442
PROD394,Table Model 45,Furniture,Table,Brand 18,597,4024
PROD395,Table Model 46,Furniture,Table,Brand 7,732,2451
PROD396,Table Model 47,Furniture,Table,Brand 17,1004,1326
PROD397,Table Model 48,Furniture,Table,Brand 11,992,4536
PROD398,Table Model 49,Furniture,Table,Brand 13,2593,4991
PROD399,Table Model 50,Furniture,Table,Brand 9,2149,1777
PROD400,Sofa Model 1,Furniture,Sofa,Brand 8,1085,622
PROD401,Sofa Model 2,Furniture,Sofa,Brand 4,2231,3629
PROD402,Sofa Model 3,Furniture,Sofa,Brand 8,2197,4128
PROD403,Sofa Model 4,Furniture,Sofa,Brand 18,1292,1708
PROD404,Sofa Model 5,Furniture,Sofa,Brand 13,1325,4658
PROD405,Sofa Model 6,Furniture,Sofa,Brand 17,1209,776
PROD406,Sofa Model 7,Furniture,Sofa,Brand 16,1273,1802
PROD407,Sofa Model 8,Furniture,Sofa,Brand 10,1956,3037
PROD408,Sofa Model 9,Furniture,Sofa,Brand 11,1014,4591
PROD409,Sofa Model 10,Furniture,Sofa,Brand 7,2032,1508
PROD410,Sofa Model 11,Furniture,Sofa,Brand 20,1587,1414
PROD411,Sofa Model 12,Furniture,Sofa,Brand 5,1019,2206
PROD412,Sofa Model 13,Furniture,Sofa,Brand 11,2616,3339
PROD413,Sofa Model 14,Furniture,Sofa,Brand 16,617,3997
PROD414,Sofa Model 15,Furniture,Sofa,Brand 2,256,497
PROD415,Sofa Model 16,Furniture,Sofa,Brand 12,1391,4031
PROD416,Sofa Model 17,Furniture,Sofa,Brand 18,1557,3902
PROD417,Sofa Model 18,Furniture,Sofa,Brand 20,485,4129
PROD418,Sofa Model 19,Furniture,Sofa,Brand 4,2464,2834
PROD419,Sofa Model 20,Furniture,Sofa,Brand 18,522,3751
PROD420,Sofa Model 21,Furniture,Sofa,Brand 4,1127,3805
PROD421,Sofa Model 22,Furniture,Sofa,Brand 4,922,1565
PROD422,Sofa Model 23,Furniture,Sofa,Brand 10,2849,3891
PROD423,Sofa Model 24,Furniture,Sofa,Brand 1,2948,544
PROD424,Sofa Model 25,Furniture,Sofa,Brand 10,2574,4827
PROD425,Sofa Model 26,Furniture,Sofa,Brand 4,2901,3715
PROD426,Sofa Model 27,Furniture,Sofa,Brand 20,2083,2324
PROD427,Sofa Model 28,Furniture,Sofa,Brand 3,2048,2036
PROD428,Sofa Model 29,Furniture,Sofa,Brand 4,2900,682
PROD429,Sofa Model 30,Furniture,Sofa,Brand 3,2474,4847
PROD430,Sofa Model 31,Furniture,Sofa,Brand 11,1461,3766
PROD431,Sofa Model 32,Furniture,Sofa,Brand 19,609,4523
PROD432,Sofa Model 33,Furniture,Sofa,Brand 9,1434,2828
PROD433,Sofa Model 34,Furniture,Sofa,Brand 20,299,4069
PROD434,Sofa Model 35,Furniture,Sofa,Brand 9,476,2718
PROD435,Sofa Model 36,Furniture,Sofa,Brand 20,1597,3035
PROD436,Sofa Model 37,Furniture,Sofa,Brand 4,2390,2927
PROD437,Sofa Model 38,Furniture,Sofa,Brand 9,1559,2920
PROD438,Sofa Model 39,Furniture,Sofa,Brand 4,731,4359
PROD439,Sofa Model 40,Furniture,Sofa,Brand 15,2491,2645
PROD440,Sofa Model 41,Furniture,Sofa,Brand 2,1990,2034
PROD441,Sofa Model 42,Furniture,Sofa,Brand 9,1883,4783
PROD442,Sofa Model 43,Furniture,Sofa,Brand 10,2129,4533
PROD443,Sofa Model 44,Furniture,Sofa,Brand 11,2555,1300
PROD444,Sofa Model 45,Furniture,Sofa,Brand 2,1565,4832
PROD445,Sofa Model 46,Furniture,Sofa,Brand 9,2925,4319
PROD446,Sofa Model 47,Furniture,Sofa,Brand 19,1698,2559
PROD447,Sofa Model 48,Furniture,Sofa,Brand 12,1281,2265
PROD448,Sofa Model 49,Furniture,Sofa,Brand 19,2849,1822
PROD449,Sofa Model 50,Furniture,Sofa,Brand 7,568,4415
PROD450,Bed Model 1,Furniture,Bed,Brand 17,1903,1854
PROD451,Bed Model 2,Furniture,Bed,Brand 16,1685,3942
PROD452,Bed Model 3,Furniture,Bed,Brand 18,2534,4332
PROD453,Bed Model 4,Furniture,Bed,Brand 5,499,672
PROD454,Bed Model 5,Furniture,Bed,Brand 7,2293,1020
PROD455,Bed Model 6,Furniture,Bed,Brand 11,1999,4629
PROD456,Bed Model 7,Furniture,Bed,Brand 20,618,2284
PROD457,Bed Model 8,Furniture,Bed,Brand 6,1131,2037
PROD458,Bed Model 9,Furniture,Bed,Brand 3,476,1560
PROD459,Bed Model 10,Furniture,Bed,Brand 11,463,3203
PROD460,Bed Model 11,Furniture,Bed,Brand 4,2868,4154
PROD461,Bed Model 12,Furniture,Bed,Brand 12,1988,2658
PROD462,Bed Model 13,Furniture,Bed,Brand 14,2467,1560
PROD463,Bed Model 14,Furniture,Bed,Brand 15,483,1606
PROD464,Bed Model 15,Furniture,Bed,Brand 12,839,4553
PROD465,Bed Model 16,Furniture,Bed,Brand 11,1014,4145
PROD466,Bed Model 17,Furniture,Bed,Brand 12,1350,3322
PROD467,Bed Model 18,Furniture,Bed,Brand 11,1299,4396
PROD468,Bed Model 19,Furniture,Bed,Brand 2,640,1995
PROD469,Bed Model 20,Furniture,Bed,Brand 8,2789,3824
PROD470,Bed Model 21,Furniture,Bed,Brand 10,1355,3600
PROD471,Bed Model 22,Furniture,Bed,Brand 7,812,522
PROD472,Bed Model 23,Furniture,Bed,Brand 18,2093,4647
PROD473,Bed Model 24,Furniture,Bed,Brand 14,364,507
PROD474,Bed Model 25,Furniture,Bed,Brand 8,697,1439
PROD475,Bed Model 26,Furniture,Bed,Brand 13,502,2827
PROD476,Bed Model 27,Furniture,Bed,Brand 6,2054,3436
PROD477,Bed Model 28,Furniture,Bed,Brand 20,850,3472
PROD478,Bed Model 29,Furniture,Bed,Brand 12,1779,2178
PROD479,Bed Model 30,Furniture,Bed,Brand 12,591,4825
PROD480,Bed Model 31,Furniture,Bed,Brand 13,786,3654
PROD481,Bed Model 32,Furniture,Bed,Brand 5,1471,1352
PROD482,Bed Model 33,Furniture,Bed,Brand 6,1023,2260
PROD483,Bed Model 34,Furniture,Bed,Brand 15,642,4429
PROD484,Bed Model 35,Furniture,Bed,Brand 9,2204,3329
PROD485,Bed Model 36,Furniture,Bed,Brand 17,933,982
PROD486,Bed Model 37,Furniture,Bed,Brand 17,2987,1669
PROD487,Bed Model 38,Furniture,Bed,Brand 7,2609,2282
PROD488,Bed Model 39,Furniture,Bed,Brand 17,1088,1372
PROD489,Bed Model 40,Furniture,Bed,Brand 10,877,2492
PROD490,Bed Model 41,Furniture,Bed,Brand 16,779,2343
PROD491,Bed Model 42,Furniture,Bed,Brand 20,373,1981
PROD492,Bed Model 43,Furniture,Bed,Brand 7,1155,1570
PROD493,Bed Model 44,Furniture,Bed,Brand 2,985,1752
PROD494,Bed Model 45,Furniture,Bed,Brand 16,1737,1020
PROD495,Bed Model 46,Furniture,Bed,Brand 20,423,3982
PROD496,Bed Model 47,Furniture,Bed,Brand 6,288,3217
PROD497,Bed Model 48,Furniture,Bed,Brand 6,2050,4479
PROD498,Bed Model 49,Furniture,Bed,Brand 15,751,4487
PROD499,Bed Model 50,Furniture,Bed,Brand 8,1696,4041
PROD500,Shirt Model 1,Clothing,Shirt,Brand 9,2150,3214
PROD501,Shirt Model 2,Clothing,Shirt,Brand 14,2706,1154
PROD502,Shirt Model 3,Clothing,Shirt,Brand 12,1003,3381
PROD503,Shirt Model 4,Clothing,Shirt,Brand 19,2019,1231
PROD504,Shirt Model 5,Clothing,Shirt,Brand 9,701,1935
PROD505,Shirt Model 6,Clothing,Shirt,Brand 4,396,2469
PROD506,Shirt Model 7,Clothing,Shirt,Brand 11,2160,1500
PROD507,Shirt Model 8,Clothing,Shirt,Brand 5,1971,804
PROD508,Shirt Model 9,Clothing,Shirt,Brand 11,2322,4272
PROD509,Shirt Model 10,Clothing,Shirt,Brand 6,2586,4190
PROD510,Shirt Model 11,Clothing,Shirt,Brand 11,487,386
PROD511,Shirt Model 12,Clothing,Shirt,Brand 6,1509,3483
PROD512,Shirt Model 13,Clothing,Shirt,Brand 20,309,918
PROD513,Shirt Model 14,Clothing,Shirt,Brand 1,1608,4096
PROD514,Shirt Model 15,Clothing,Shirt,Brand 10,1853,3120
PROD515,Shirt Model 16,Clothing,Shirt,Brand 18,2473,2907
PROD516,Shirt Model 17,Clothing,Shirt,Brand 20,2750,2960
PROD517,Shirt Model 18,Clothing,Shirt,Brand 17,1420,4860
PROD518,Shirt Model 19,Clothing,Shirt,Brand 2,2191,3607
PROD519,Shirt Model 20,Clothing,Shirt,Brand 14,1791,3039
PROD520,Shirt Model 21,Clothing,Shirt,Brand 13,2623,3540
PROD521,Shirt Model 22,Clothing,Shirt,Brand 5,2570,4051
PROD522,Shirt Model 23,Clothing,Shirt,Brand 9,2554,1007
PROD523,Shirt Model 24,Clothing,Shirt,Brand 15,1936,4632
PROD524,Shirt Model 25,Clothing,Shirt,Brand 5,1063,4335
PROD525,Shirt Model 26,Clothing,Shirt,Brand 6,2847,1792
PROD526,Shirt Model 27,Clothing,Shirt,Brand 18,1501,477
PROD527,Shirt Model 28,Clothing,Shirt,Brand 10,1343,1969
PROD528,Shirt Model 29,Clothing,Shirt,Brand 2,1544,1161
PROD529,Shirt Model 30,Clothing,Shirt,Brand 19,2676,4570
PROD530,Shirt Model 31,Clothing,Shirt,Brand 13,1485,3165
PROD531,Shirt Model 32,Clothing,Shirt,Brand 16,2192,3827
PROD532,Shirt Model 33,Clothing,Shirt,Brand 20,1642,2314
PROD533,Shirt Model 34,Clothing,Shirt,Brand 9,1491,2180
PROD534,Shirt Model 35,Clothing,Shirt,Brand 18,2934,1076
PROD535,Shirt Model 36,Clothing,Shirt,Brand 1,1356,1397
PROD536,Shirt Model 37,Clothing,Shirt,Brand 20,413,1912
PROD537,Shirt Model 38,Clothing,Shirt,Brand 4,2281,1296
PROD538,Shirt Model 39,Clothing,Shirt,Brand 5,1529,4079
PROD539,Shirt Model 40,Clothing,Shirt,Brand 6,271,1561
PROD540,Shirt Model 41,Clothing,Shirt,Brand 13,1431,4725
PROD541,Shirt Model 42,Clothing,Shirt,Brand 17,2187,3319
PROD542,Shirt Model 43,Clothing,Shirt,Brand 18,2818,1737
PROD543,Shirt Model 44,Clothing,Shirt,Brand 2,1043,2394
PROD544,Shirt Model 45,Clothing,Shirt,Brand 18,2240,2669
PROD545,Shirt Model 46,Clothing,Shirt,Brand 16,1292,2664
PROD546,Shirt Model 47,Clothing,Shirt,Brand 11,2800,4362
PROD547,Shirt Model 48,Clothing,Shirt,Brand 8,2605,1975
PROD548,Shirt Model 49,Clothing,Shirt,Brand 9,2295,1067
PROD549,Shirt Model 50,Clothing,Shirt,Brand 13,1410,3536
PROD550,Jeans Model 1,Clothing,Jeans,Brand 14,1767,3035
PROD551,Jeans Model 2,Clothing,Jeans,Brand 4,1230,3311
PROD552,Jeans Model 3,Clothing,Jeans,Brand 2,2436,1947
PROD553,Jeans Model 4,Clothing,Jeans,Brand 10,2848,4321
PROD554,Jeans Model 5,Clothing,Jeans,Brand 3,2155,4179
PROD555,Jeans Model 6,Clothing,Jeans,Brand 16,1178,2189
PROD556,Jeans Model 7,Clothing,Jeans,Brand 1,1792,900
PROD557,Jeans Model 8,Clothing,Jeans,Brand 14,533,515
PROD558,Jeans Model 9,Clothing,Jeans,Brand 17,2644,977
PROD559,Jeans Model 10,Clothing,Jeans,Brand 17,1771,1590
PROD560,Jeans Model 11,Clothing,Jeans,Brand 2,2463,1156
PROD561,Jeans Model 12,Clothing,Jeans,Brand 8,2877,1862
PROD562,Jeans Model 13,Clothing,Jeans,Brand 1,2038,1545
PROD563,Jeans Model 14,Clothing,Jeans,Brand 15,1858,3013
PROD564,Jeans Model 15,Clothing,Jeans,Brand 12,1880,3321
PROD565,Jeans Model 16,Clothing,Jeans,Brand 5,1084,2648
PROD566,Jeans Model 17,Clothing,Jeans,Brand 14,1623,2670
PROD567,Jeans Model 18,Clothing,Jeans,Brand 16,2062,1945
PROD568,Jeans Model 19,Clothing,Jeans,Brand 9,2375,3961
PROD569,Jeans Model 20,Clothing,Jeans,Brand 10,1938,4186
PROD570,Jeans Model 21,Clothing,Jeans,Brand 20,1641,4270
PROD571,Jeans Model 22,Clothing,Jeans,Brand 14,1253,4242
PROD572,Jeans Model 23,Clothing,Jeans,Brand 8,1912,4160
PROD573,Jeans Model 24,Clothing,Jeans,Brand 10,1762,2247
PROD574,Jeans Model 25,Clothing,Jeans,Brand 18,2984,3247
PROD575,Jeans Model 26,Clothing,Jeans,Brand 14,2090,4598
PROD576,Jeans Model 27,Clothing,Jeans,Brand 14,545,1601
PROD577,Jeans Model 28,Clothing,Jeans,Brand 20,2110,3731
PROD578,Jeans Model 29,Clothing,Jeans,Brand 8,2762,2801
PROD579,Jeans Model 30,Clothing,Jeans,Brand 6,384,948
PROD580,Jeans Model 31,Clothing,Jeans,Brand 20,748,1591
PROD581,Jeans Model 32,Clothing,Jeans,Brand 17,2299,949
PROD582,Jeans Model 33,Clothing,Jeans,Brand 2,2022,4836
PROD583,Jeans Model 34,Clothing,Jeans,Brand 20,722,2578
PROD584,Jeans Model 35,Clothing,Jeans,Brand 13,2982,4406
PROD585,Jeans Model 36,Clothing,Jeans,Brand 18,1003,1295
PROD586,Jeans Model 37,Clothing,Jeans,Brand 14,1280,504
PROD587,Jeans Model 38,Clothing,Jeans,Brand 3,2487,2181
PROD588,Jeans Model 39,Clothing,Jeans,Brand 18,567,4400
PROD589,Jeans Model 40,Clothing,Jeans,Brand 19,1271,2855
PROD590,Jeans Model 41,Clothing,Jeans,Brand 8,531,3295
PROD591,Jeans Model 42,Clothing,Jeans,Brand 18,266,1419
PROD592,Jeans Model 43,Clothing,Jeans,Brand 1,700,4974
PROD593,Jeans Model 44,Clothing,Jeans,Brand 14,2577,3521
PROD594,Jeans Model 45,Clothing,Jeans,Brand 3,2022,4926
PROD595,Jeans Model 46,Clothing,Jeans,Brand 19,2501,3606
PROD596,Jeans Model 47,Clothing,Jeans,Brand 19,2792,1451
PROD597,Jeans Model 48,Clothing,Jeans,Brand 6,1053,4160
PROD598,Jeans Model 49,Clothing,Jeans,Brand 8,2579,2263
PROD599,Jeans Model 50,Clothing,Jeans,Brand 8,1373,3391
PROD600,Jacket Model 1,Clothing,Jacket,Brand 7,2377,706
PROD601,Jacket Model 2,Clothing,Jacket,Brand 20,2974,1041
PROD602,Jacket Model 3,Clothing,Jacket,Brand 12,2279,1384
PROD603,Jacket Model 4,Clothing,Jacket,Brand 19,2789,1560
PROD604,Jacket Model 5,Clothing,Jacket,Brand 3,1539,1785
PROD605,Jacket Model 6,Clothing,Jacket,Brand 15,1124,4218
PROD606,Jacket Model 7,Clothing,Jacket,Brand 1,843,2708
PROD607,Jacket Model 8,Clothing,Jacket,Brand 17,290,2001
PROD608,Jacket Model 9,Clothing,Jacket,Brand 9,2328,1658
PROD609,Jacket Model 10,Clothing,Jacket,Brand 11,2619,2343
PROD610,Jacket Model 11,Clothing,Jacket,Brand 3,1163,2380
PROD611,Jacket Model 12,Clothing,Jacket,Brand 11,2046,4814
PROD612,Jacket Model 13,Clothing,Jacket,Brand 8,389,3137
PROD613,Jacket Model 14,Clothing,Jacket,Brand 8,589,2788
PROD614,Jacket Model 15,Clothing,Jacket,Brand 7,1156,2501
PROD615,Jacket Model 16,Clothing,Jacket,Brand 14,2607,2310
PROD616,Jacket Model 17,Clothing,Jacket,Brand 9,1586,1484
PROD617,Jacket Model 18,Clothing,Jacket,Brand 15,2091,4050
PROD618,Jacket Model 19,Clothing,Jacket,Brand 16,2889,795
PROD619,Jacket Model 20,Clothing,Jacket,Brand 4,883,897
PROD620,Jacket Model 21,Clothing,Jacket,Brand 8,232,4101
PROD621,Jacket Model 22,Clothing,Jacket,Brand 15,426,3248
PROD622,Jacket Model 23,Clothing,Jacket,Brand 8,2902,3068
PROD623,Jacket Model 24,Clothing,Jacket,Brand 10,2379,594
PROD624,Jacket Model 25,Clothing,Jacket,Brand 13,718,2813
PROD625,Jacket Model 26,Clothing,Jacket,Brand 16,2325,3526
PROD626,Jacket Model 27,Clothing,Jacket,Brand 13,1568,4698
PROD627,Jacket Model 28,Clothing,Jacket,Brand 8,489,1459
PROD628,Jacket Model 29,Clothing,Jacket,Brand 11,963,4952
PROD629,Jacket Model 30,Clothing,Jacket,Brand 14,1442,3632
PROD630,Jacket Model 31,Clothing,Jacket,Brand 6,1062,3576
PROD631,Jacket Model 32,Clothing,Jacket,Brand 15,2257,359
PROD632,Jacket Model 33,Clothing,Jacket,Brand 18,744,2818
PROD633,Jacket Model 34,Clothing,Jacket,Brand 16,527,2939
PROD634,Jacket Model 35,Clothing,Jacket,Brand 18,1464,2814
PROD635,Jacket Model 36,Clothing,Jacket,Brand 18,1502,4455
PROD636,Jacket Model 37,Clothing,Jacket,Brand 5,2671,1914
PROD637,Jacket Model 38,Clothing,Jacket,Brand 1,2869,4158
PROD638,Jacket Model 39,Clothing,Jacket,Brand 15,1107,4387
PROD639,Jacket Model 40,Clothing,Jacket,Brand 1,2206,2424
PROD640,Jacket Model 41,Clothing,Jacket,Brand 4,2993,3840
PROD641,Jacket Model 42,Clothing,Jacket,Brand 5,496,1093
PROD642,Jacket Model 43,Clothing,Jacket,Brand 3,1646,1223
PROD643,Jacket Model 44,Clothing,Jacket,Brand 18,826,2033
PROD644,Jacket Model 45,Clothing,Jacket,Brand 12,1237,4594
PROD645,Jacket Model 46,Clothing,Jacket,Brand 12,2368,726
PROD646,Jacket Model 47,Clothing,Jacket,Brand 6,653,2941
PROD647,Jacket Model 48,Clothing,Jacket,Brand 10,1472,3797
PROD648,Jacket Model 49,Clothing,Jacket,Brand 15,2044,4374
PROD649,Jacket Model 50,Clothing,Jacket,Brand 6,422,814
PROD650,Shoes Model 1,Clothing,Shoes,Brand 12,2539,1051
PROD651,Shoes Model 2,Clothing,Shoes,Brand 12,1534,776
PROD652,Shoes Model 3,Clothing,Shoes,Brand 11,939,3269
PROD653,Shoes Model 4,Clothing,Shoes,Brand 8,2748,2663
PROD654,Shoes Model 5,Clothing,Shoes,Brand 9,316,4846
PROD655,Shoes Model 6,Clothing,Shoes,Brand 3,2453,3826
PROD656,Shoes Model 7,Clothing,Shoes,Brand 13,1020,4440
PROD657,Shoes Model 8,Clothing,Shoes,Brand 15,493,3628
PROD658,Shoes Model 9,Clothing,Shoes,Brand 3,772,2521
PROD659,Shoes Model 10,Clothing,Shoes,Brand 5,897,3378
PROD660,Shoes Model 11,Clothing,Shoes,Brand 9,912,822
PROD661,Shoes Model 12,Clothing,Shoes,Brand 14,1974,1728
PROD662,Shoes Model 13,Clothing,Shoes,Brand 13,2080,2613
PROD663,Shoes Model 14,Clothing,Shoes,Brand 4,448,3521
PROD664,Shoes Model 15,Clothing,Shoes,Brand 16,1739,1619
PROD665,Shoes Model 16,Clothing,Shoes,Brand 5,655,4735
PROD666,Shoes Model 17,Clothing,Shoes,Brand 12,1614,4145
PROD667,Shoes Model 18,Clothing,Shoes,Brand 19,1824,4644
PROD668,Shoes Model 19,Clothing,Shoes,Brand 20,949,881
PROD669,Shoes Model 20,Clothing,Shoes,Brand 11,1434,1266
PROD670,Shoes Model 21,Clothing,Shoes,Brand 13,1728,1064
PROD671,Shoes Model 22,Clothing,Shoes,Brand 15,1093,3569
PROD672,Shoes Model 23,Clothing,Shoes,Brand 6,1470,819
PROD673,Shoes Model 24,Clothing,Shoes,Brand 6,2153,1510
PROD674,Shoes Model 25,Clothing,Shoes,Brand 3,585,1455
PROD675,Shoes Model 26,Clothing,Shoes,Brand 18,1328,2689
PROD676,Shoes Model 27,Clothing,Shoes,Brand 17,2483,4186
PROD677,Shoes Model 28,Clothing,Shoes,Brand 7,1567,4735
PROD678,Shoes Model 29,Clothing,Shoes,Brand 18,2752,1508
PROD679,Shoes Model 30,Clothing,Shoes,Brand 8,1043,4558
PROD680,Shoes Model 31,Clothing,Shoes,Brand 8,282,1258
PROD681,Shoes Model 32,Clothing,Shoes,Brand 17,2444,4841
PROD682,Shoes Model 33,Clothing,Shoes,Brand 3,280,3711
PROD683,Shoes Model 34,Clothing,Shoes,Brand 14,1700,2058
PROD684,Shoes Model 35,Clothing,Shoes,Brand 1,399,4332
PROD685,Shoes Model 36,Clothing,Shoes,Brand 18,1513,4431
PROD686,Shoes Model 37,Clothing,Shoes,Brand 5,981,2541
PROD687,Shoes Model 38,Clothing,Shoes,Brand 19,660,1300
PROD688,Shoes Model 39,Clothing,Shoes,Brand 4,903,2868
PROD689,Shoes Model 40,Clothing,Shoes,Brand 12,2925,4751
PROD690,Shoes Model 41,Clothing,Shoes,Brand 1,1579,4771
PROD691,Shoes Model 42,Clothing,Shoes,Brand 14,961,3791
PROD692,Shoes Model 43,Clothing,Shoes,Brand 11,1141,2715
PROD693,Shoes Model 44,Clothing,Shoes,Brand 5,1938,2469
PROD694,Shoes Model 45,Clothing,Shoes,Brand 7,1906,1881
PROD695,Shoes Model 46,Clothing,Shoes,Brand 2,2359,4124
PROD696,Shoes Model 47,Clothing,Shoes,Brand 20,1116,1200
PROD697,Shoes Model 48,Clothing,Shoes,Brand 3,1786,4174
PROD698,Shoes Model 49,Clothing,Shoes,Brand 7,1496,3810
PROD699,Shoes Model 50,Clothing,Shoes,Brand 8,271,4703
PROD700,Rice Model 1,Grocery,Rice,Brand 20,2778,3659
PROD701,Rice Model 2,Grocery,Rice,Brand 7,1794,2951
PROD702,Rice Model 3,Grocery,Rice,Brand 20,1555,3762
PROD703,Rice Model 4,Grocery,Rice,Brand 11,892,4313
PROD704,Rice Model 5,Grocery,Rice,Brand 17,2682,4085
PROD705,Rice Model 6,Grocery,Rice,Brand 18,2280,2757
PROD706,Rice Model 7,Grocery,Rice,Brand 13,213,2137
PROD707,Rice Model 8,Grocery,Rice,Brand 8,684,4849
PROD708,Rice Model 9,Grocery,Rice,Brand 4,469,340
PROD709,Rice Model 10,Grocery,Rice,Brand 19,1681,3329
PROD710,Rice Model 11,Grocery,Rice,Brand 13,1811,3545
PROD711,Rice Model 12,Grocery,Rice,Brand 12,2115,3044
PROD712,Rice Model 13,Grocery,Rice,Brand 10,1393,2661
PROD713,Rice Model 14,Grocery,Rice,Brand 2,316,2509
PROD714,Rice Model 15,Grocery,Rice,Brand 12,262,1721
PROD715,Rice Model 16,Grocery,Rice,Brand 5,842,1515
PROD716,Rice Model 17,Grocery,Rice,Brand 2,353,4580
PROD717,Rice Model 18,Grocery,Rice,Brand 12,780,980
PROD718,Rice Model 19,Grocery,Rice,Brand 19,2380,4164
PROD719,Rice Model 20,Grocery,Rice,Brand 5,2910,4658
PROD720,Rice Model 21,Grocery,Rice,Brand 6,1023,708
PROD721,Rice Model 22,Grocery,Rice,Brand 14,2751,4877
PROD722,Rice Model 23,Grocery,Rice,Brand 7,1944,1347
PROD723,Rice Model 24,Grocery,Rice,Brand 20,264,4969
PROD724,Rice Model 25,Grocery,Rice,Brand 15,2399,2514
PROD725,Rice Model 26,Grocery,Rice,Brand 9,1602,1070
PROD726,Rice Model 27,Grocery,Rice,Brand 4,2334,1608
PROD727,Rice Model 28,Grocery,Rice,Brand 3,504,2247
PROD728,Rice Model 29,Grocery,Rice,Brand 5,1793,1964
PROD729,Rice Model 30,Grocery,Rice,Brand 10,661,3232
PROD730,Rice Model 31,Grocery,Rice,Brand 1,2232,2265
PROD731,Rice Model 32,Grocery,Rice,Brand 13,2294,1898
PROD732,Rice Model 33,Grocery,Rice,Brand 9,904,699
PROD733,Rice Model 34,Grocery,Rice,Brand 19,2839,3119
PROD734,Rice Model 35,Grocery,Rice,Brand 7,629,1306
PROD735,Rice Model 36,Grocery,Rice,Brand 16,1622,2574
PROD736,Rice Model 37,Grocery,Rice,Brand 5,897,4066
PROD737,Rice Model 38,Grocery,Rice,Brand 2,2392,4669
PROD738,Rice Model 39,Grocery,Rice,Brand 15,1126,3195
PROD739,Rice Model 40,Grocery,Rice,Brand 2,2166,3499
PROD740,Rice Model 41,Grocery,Rice,Brand 5,569,3662
PROD741,Rice Model 42,Grocery,Rice,Brand 19,803,2331
PROD742,Rice Model 43,Grocery,Rice,Brand 3,444,1936
PROD743,Rice Model 44,Grocery,Rice,Brand 5,736,3286
PROD744,Rice Model 45,Grocery,Rice,Brand 15,291,4119
PROD745,Rice Model 46,Grocery,Rice,Brand 5,1761,2623
PROD746,Rice Model 47,Grocery,Rice,Brand 12,2011,4801
PROD747,Rice Model 48,Grocery,Rice,Brand 16,1654,1867
PROD748,Rice Model 49,Grocery,Rice,Brand 15,1323,658
PROD749,Rice Model 50,Grocery,Rice,Brand 1,383,2534
PROD750,Oil Model 1,Grocery,Oil,Brand 20,1020,1118
PROD751,Oil Model 2,Grocery,Oil,Brand 9,1777,374
PROD752,Oil Model 3,Grocery,Oil,Brand 7,252,3722
PROD753,Oil Model 4,Grocery,Oil,Brand 5,464,2526
PROD754,Oil Model 5,Grocery,Oil,Brand 10,2880,3348
PROD755,Oil Model 6,Grocery,Oil,Brand 9,2639,4436
PROD756,Oil Model 7,Grocery,Oil,Brand 6,2088,4986
PROD757,Oil Model 8,Grocery,Oil,Brand 11,1140,2186
PROD758,Oil Model 9,Grocery,Oil,Brand 16,2674,4114
PROD759,Oil Model 10,Grocery,Oil,Brand 8,1183,1181
PROD760,Oil Model 11,Grocery,Oil,Brand 7,1720,2241
PROD761,Oil Model 12,Grocery,Oil,Brand 1,2489,3059
PROD762,Oil Model 13,Grocery,Oil,Brand 13,1611,4801
PROD763,Oil Model 14,Grocery,Oil,Brand 7,1259,1787
PROD764,Oil Model 15,Grocery,Oil,Brand 3,2035,1245
PROD765,Oil Model 16,Grocery,Oil,Brand 8,1281,3829
PROD766,Oil Model 17,Grocery,Oil,Brand 20,1182,1600
PROD767,Oil Model 18,Grocery,Oil,Brand 19,2519,1409
PROD768,Oil Model 19,Grocery,Oil,Brand 9,2424,4578
PROD769,Oil Model 20,Grocery,Oil,Brand 6,2093,3702
PROD770,Oil Model 21,Grocery,Oil,Brand 2,2396,3974
PROD771,Oil Model 22,Grocery,Oil,Brand 13,2183,1770
PROD772,Oil Model 23,Grocery,Oil,Brand 18,446,589
PROD773,Oil Model 24,Grocery,Oil,Brand 11,2066,4215
PROD774,Oil Model 25,Grocery,Oil,Brand 15,2536,2585
PROD775,Oil Model 26,Grocery,Oil,Brand 18,2502,1970
PROD776,Oil Model 27,Grocery,Oil,Brand 12,2846,4433
PROD777,Oil Model 28,Grocery,Oil,Brand 20,634,3147
PROD778,Oil Model 29,Grocery,Oil,Brand 17,2684,1952
PROD779,Oil Model 30,Grocery,Oil,Brand 10,2650,3717
PROD780,Oil Model 31,Grocery,Oil,Brand 9,585,850
PROD781,Oil Model 32,Grocery,Oil,Brand 20,2310,3958
PROD782,Oil Model 33,Grocery,Oil,Brand 5,2306,3992
PROD783,Oil Model 34,Grocery,Oil,Brand 14,2280,867
PROD784,Oil Model 35,Grocery,Oil,Brand 20,2823,2008
PROD785,Oil Model 36,Grocery,Oil,Brand 2,412,4634
PROD786,Oil Model 37,Grocery,Oil,Brand 19,2708,3784
PROD787,Oil Model 38,Grocery,Oil,Brand 14,2498,2124
PROD788,Oil Model 39,Grocery,Oil,Brand 4,800,1355
PROD789,Oil Model 40,Grocery,Oil,Brand 3,766,3611
PROD790,Oil Model 41,Grocery,Oil,Brand 8,834,3246
PROD791,Oil Model 42,Grocery,Oil,Brand 9,250,2163
PROD792,Oil Model 43,Grocery,Oil,Brand 1,551,1913
PROD793,Oil Model 44,Grocery,Oil,Brand 12,553,4931
PROD794,Oil Model 45,Grocery,Oil,Brand 5,1623,4751
PROD795,Oil Model 46,Grocery,Oil,Brand 4,2490,2618
PROD796,Oil Model 47,Grocery,Oil,Brand 16,2416,4619
PROD797,Oil Model 48,Grocery,Oil,Brand 2,735,3127
PROD798,Oil Model 49,Grocery,Oil,Brand 5,1828,2108
PROD799,Oil Model 50,Grocery,Oil,Brand 12,2832,3197
PROD800,Snacks Model 1,Grocery,Snacks,Brand 6,2917,2298
PROD801,Snacks Model 2,Grocery,Snacks,Brand 4,300,3980
PROD802,Snacks Model 3,Grocery,Snacks,Brand 2,2987,3176
PROD803,Snacks Model 4,Grocery,Snacks,Brand 16,593,1354
PROD804,Snacks Model 5,Grocery,Snacks,Brand 7,1548,1992
PROD805,Snacks Model 6,Grocery,Snacks,Brand 8,2308,3499
PROD806,Snacks Model 7,Grocery,Snacks,Brand 8,2586,3345
PROD807,Snacks Model 8,Grocery,Snacks,Brand 14,1872,2083
PROD808,Snacks Model 9,Grocery,Snacks,Brand 7,2876,3367
PROD809,Snacks Model 10,Grocery,Snacks,Brand 16,1029,4838
PROD810,Snacks Model 11,Grocery,Snacks,Brand 9,2928,1777
PROD811,Snacks Model 12,Grocery,Snacks,Brand 3,358,3269
PROD812,Snacks Model 13,Grocery,Snacks,Brand 8,698,2888
PROD813,Snacks Model 14,Grocery,Snacks,Brand 14,661,3015
PROD814,Snacks Model 15,Grocery,Snacks,Brand 16,2030,3653
PROD815,Snacks Model 16,Grocery,Snacks,Brand 8,2268,4558
PROD816,Snacks Model 17,Grocery,Snacks,Brand 7,2096,4620
PROD817,Snacks Model 18,Grocery,Snacks,Brand 1,764,3358
PROD818,Snacks Model 19,Grocery,Snacks,Brand 4,1939,4683
PROD819,Snacks Model 20,Grocery,Snacks,Brand 17,1229,1547
PROD820,Snacks Model 21,Grocery,Snacks,Brand 19,1457,4530
PROD821,Snacks Model 22,Grocery,Snacks,Brand 1,579,3582
PROD822,Snacks Model 23,Grocery,Snacks,Brand 20,1245,4711
PROD823,Snacks Model 24,Grocery,Snacks,Brand 9,1144,1541
PROD824,Snacks Model 25,Grocery,Snacks,Brand 5,900,2652
PROD825,Snacks Model 26,Grocery,Snacks,Brand 1,1250,2782
PROD826,Snacks Model 27,Grocery,Snacks,Brand 20,707,4787
PROD827,Snacks Model 28,Grocery,Snacks,Brand 13,1398,537
PROD828,Snacks Model 29,Grocery,Snacks,Brand 16,1977,1237
PROD829,Snacks Model 30,Grocery,Snacks,Brand 4,466,4322
PROD830,Snacks Model 31,Grocery,Snacks,Brand 20,745,2860
PROD831,Snacks Model 32,Grocery,Snacks,Brand 20,1019,3475
PROD832,Snacks Model 33,Grocery,Snacks,Brand 20,1882,1477
PROD833,Snacks Model 34,Grocery,Snacks,Brand 7,2998,1046
PROD834,Snacks Model 35,Grocery,Snacks,Brand 4,2605,2024
PROD835,Snacks Model 36,Grocery,Snacks,Brand 4,2004,2976
PROD836,Snacks Model 37,Grocery,Snacks,Brand 15,2163,2432
PROD837,Snacks Model 38,Grocery,Snacks,Brand 10,1803,600
PROD838,Snacks Model 39,Grocery,Snacks,Brand 14,1317,2044
PROD839,Snacks Model 40,Grocery,Snacks,Brand 17,1036,2378
PROD840,Snacks Model 41,Grocery,Snacks,Brand 17,1000,1934
PROD841,Snacks Model 42,Grocery,Snacks,Brand 7,1689,547
PROD842,Snacks Model 43,Grocery,Snacks,Brand 2,1393,4608
PROD843,Snacks Model 44,Grocery,Snacks,Brand 16,997,2608
PROD844,Snacks Model 45,Grocery,Snacks,Brand 6,298,3116
PROD845,Snacks Model 46,Grocery,Snacks,Brand 5,1316,2905
PROD846,Snacks Model 47,Grocery,Snacks,Brand 16,2100,1856
PROD847,Snacks Model 48,Grocery,Snacks,Brand 9,492,2326
PROD848,Snacks Model 49,Grocery,Snacks,Brand 20,1022,1542
PROD849,Snacks Model 50,Grocery,Snacks,Brand 4,1081,324
PROD850,Beverages Model 1,Grocery,Beverages,Brand 11,978,2561
PROD851,Beverages Model 2,Grocery,Beverages,Brand 14,297,4974
PROD852,Beverages Model 3,Grocery,Beverages,Brand 5,2469,4036
PROD853,Beverages Model 4,Grocery,Beverages,Brand 14,1915,3630
PROD854,Beverages Model 5,Grocery,Beverages,Brand 11,2798,2206
PROD855,Beverages Model 6,Grocery,Beverages,Brand 16,757,1905
PROD856,Beverages Model 7,Grocery,Beverages,Brand 7,1043,4135
PROD857,Beverages Model 8,Grocery,Beverages,Brand 14,2352,3602
PROD858,Beverages Model 9,Grocery,Beverages,Brand 10,1489,1220
PROD859,Beverages Model 10,Grocery,Beverages,Brand 15,1661,2022
PROD860,Beverages Model 11,Grocery,Beverages,Brand 13,1608,2012
PROD861,Beverages Model 12,Grocery,Beverages,Brand 8,1559,1588
PROD862,Beverages Model 13,Grocery,Beverages,Brand 8,2648,3449
PROD863,Beverages Model 14,Grocery,Beverages,Brand 16,2763,2034
PROD864,Beverages Model 15,Grocery,Beverages,Brand 5,2352,460
PROD865,Beverages Model 16,Grocery,Beverages,Brand 15,2627,2717
PROD866,Beverages Model 17,Grocery,Beverages,Brand 3,2650,3618
PROD867,Beverages Model 18,Grocery,Beverages,Brand 19,2948,3561
PROD868,Beverages Model 19,Grocery,Beverages,Brand 10,2665,1372
PROD869,Beverages Model 20,Grocery,Beverages,Brand 12,236,4348
PROD870,Beverages Model 21,Grocery,Beverages,Brand 18,1201,3387
PROD871,Beverages Model 22,Grocery,Beverages,Brand 18,2399,489
PROD872,Beverages Model 23,Grocery,Beverages,Brand 2,324,2579
PROD873,Beverages Model 24,Grocery,Beverages,Brand 15,2187,4014
PROD874,Beverages Model 25,Grocery,Beverages,Brand 20,1724,2716
PROD875,Beverages Model 26,Grocery,Beverages,Brand 18,1881,670
PROD876,Beverages Model 27,Grocery,Beverages,Brand 2,2771,4268
PROD877,Beverages Model 28,Grocery,Beverages,Brand 14,1461,4100
PROD878,Beverages Model 29,Grocery,Beverages,Brand 14,2943,3612
PROD879,Beverages Model 30,Grocery,Beverages,Brand 20,1151,2720
PROD880,Beverages Model 31,Grocery,Beverages,Brand 6,2263,1511
PROD881,Beverages Model 32,Grocery,Beverages,Brand 20,2328,1923
PROD882,Beverages Model 33,Grocery,Beverages,Brand 10,2673,1575
PROD883,Beverages Model 34,Grocery,Beverages,Brand 2,803,3950
PROD884,Beverages Model 35,Grocery,Beverages,Brand 17,1104,2964
PROD885,Beverages Model 36,Grocery,Beverages,Brand 18,2673,3731
PROD886,Beverages Model 37,Grocery,Beverages,Brand 18,368,3974
PROD887,Beverages Model 38,Grocery,Beverages,Brand 3,301,2517
PROD888,Beverages Model 39,Grocery,Beverages,Brand 9,958,2847
PROD889,Beverages Model 40,Grocery,Beverages,Brand 2,2526,1316
PROD890,Beverages Model 41,Grocery,Beverages,Brand 14,2887,4899
PROD891,Beverages Model 42,Grocery,Beverages,Brand 3,2016,1202
PROD892,Beverages Model 43,Grocery,Beverages,Brand 13,2513,1377
PROD893,Beverages Model 44,Grocery,Beverages,Brand 2,1709,1506
PROD894,Beverages Model 45,Grocery,Beverages,Brand 2,2430,2213
PROD895,Beverages Model 46,Grocery,Beverages,Brand 15,228,1655
PROD896,Beverages Model 47,Grocery,Beverages,Brand 13,238,1835
PROD897,Beverages Model 48,Grocery,Beverages,Brand 17,1781,3046
PROD898,Beverages Model 49,Grocery,Beverages,Brand 18,2978,4419
PROD899,Beverages Model 50,Grocery,Beverages,Brand 12,2911,3103
